AAS 100	3.03
AAS 100	3.69
AAS 100	3.72
AAS 100	3.58
AAS 100	3.39
AAS 100	3.25
AAS 287	3.62
ABE 100	3.11
ABE 223	3.8
ABE 224	3.46
ABE 341	2.97
ABE 430	3.23
ABE 466	3.22
ABE 488	3.33
ACCY 200	3.19
ACCY 201	3.49
ACCY 201	3.28
ACCY 201	3.44
ACCY 201	3.09
ACCY 201	2.96
ACCY 201	3.2
ACCY 201	3.09
ACCY 201	3.2
ACCY 201	3.33
ACCY 201	3.4
ACCY 201	3.02
ACCY 201	2.98
ACCY 201	3.19
ACCY 201	3.22
ACCY 201	3.4
ACCY 201	3.4
ACCY 201	3.08
ACCY 201	3.12
ACCY 202	3.07
ACCY 202	3.14
ACCY 202	3.39
ACCY 202	3.41
ACCY 202	3.37
ACCY 202	3.28
ACCY 301	3.04
ACCY 301	3.4
ACCY 301	3.61
ACCY 301	3.3
ACCY 301	3.45
ACCY 301	3.44
ACCY 301	3.18
ACCY 301	3.47
ACCY 301	3.5
ACCY 302	3.16
ACCY 302	3.31
ACCY 302	3.37
ACCY 302	3.34
ACCY 302	3.41
ACCY 302	3.2
ACCY 302	3.37
ACCY 302	3.38
ACCY 303	3.11
ACCY 303	3.47
ACCY 303	3.46
ACCY 303	3.32
ACCY 303	3.38
ACCY 303	3.26
ACCY 304	3.28
ACCY 304	3.3
ACCY 304	3.32
ACCY 304	3.18
ACCY 304	3.22
ACCY 304	3.57
ACCY 312	3.18
ACCY 312	3.35
ACCY 312	3.38
ACCY 312	3.21
ACCY 312	3.14
ACCY 312	3.46
ACCY 312	3.29
ACCY 398	3.98
ACCY 405	3.36
ACCY 405	3.33
ACCY 405	3.29
ACCY 405	3.42
ACCY 405	3.11
ACCY 405	3.29
ACCY 405	3.44
ACCY 410	3.2
ACCY 410	3.55
ACCY 410	3.06
ACCY 410	3.54
ACCY 410	3.21
ACCY 451	3.39
ACCY 500	3.52
ACCY 500	3.61
ACCY 500	3.84
ACCY 502	3.72
ACCY 502	3.64
ACCY 502	3.31
ACCY 503	3.62
ACCY 503	3.72
ACCY 505	3.39
ACCY 505	3.42
ACCY 505	3.6
ACCY 505	3.44
ACCY 510	2.68
ACCY 510	2.93
ACCY 510	3.04
ACCY 510	3.5
ACCY 510	3.46
ACCY 510	3.6
ACCY 511	3.45
ACCY 511	3.72
ACCY 512	3.85
ACCY 512	3.8
ACCY 512	3.83
ACCY 512	3.69
ACCY 512	3.93
ACCY 512	3.67
ACCY 515	3.51
ACCY 515	3.37
ACCY 515	3.37
ACCY 517	3.44
ACCY 517	3.44
ACCY 551	3.16
ACCY 551	3.37
ACCY 552	3.44
ACCY 554	3.66
ACCY 556	3.49
ACCY 556	3.53
ACCY 558	3.8
ACCY 593	3.64
ACE 100	2.27
ACE 100	2.13
ACE 100	2.54
ACE 100	2.08
ACE 100	2.2
ACE 100	2.46
ACE 161	3.6
ACE 161	3.54
ACE 161	3.25
ACE 161	3.68
ACE 161	3.88
ACE 161	3.76
ACE 161	3.83
ACE 161	3.44
ACE 161	3.84
ACE 161	3.56
ACE 161	3.46
ACE 161	3.44
ACE 199	3.53
ACE 199	3.81
ACE 210	3.24
ACE 222	3.28
ACE 240	3.38
ACE 251	3.54
ACE 261	2.86
ACE 306	3.58
ACE 341	3.75
ACE 345	3.68
ACE 346	3.73
ACE 398	3.83
ACE 398	3.88
ACE 398	3.89
ACE 411	3.38
ACE 428	3.13
ACE 435	3.4
ACE 444	3.66
ACE 444	3.67
ACE 447	3.61
ACE 454	2.86
ACE 455	3.48
ACE 471	3.28
ACE 562	3.62
ACE 564	3.61
ACES 101	3.48
ACES 101	3.81
ACES 101	3.83
ACES 101	3.7
ACES 101	3.67
ACES 101	3.81
ACES 101	3.52
ADV 150	3.5
ADV 150	3.91
ADV 150	3.37
ADV 150	3.79
ADV 199	3.74
ADV 281	2.87
ADV 281	2.61
ADV 283	3.88
ADV 284	3.64
ADV 310	3.08
ADV 312	2.9
ADV 350	3.35
ADV 350	3.85
ADV 390	3.1
ADV 393	3.85
ADV 410	3.93
ADV 460	3.78
ADV 460	3.88
ADV 478	3.67
ADV 483	3.36
ADV 483	3.39
ADV 483	3.32
ADV 490	3.54
AE 100	3.79
AE 100	3.89
AE 100	3.39
AE 199	3.36
AE 199	3.55
AE 199	3.4
AE 199	3.68
AE 202	3.37
AE 311	2.77
AE 321	2.69
AE 352	3.17
AE 402	3.57
AE 412	3.66
AE 416	3.06
AE 433	3.45
AE 442	3.94
AE 460	3.65
AE 483	3.74
AFRO 101	2.46
AFRO 103	3.38
AFRO 226	3.88
AFRO 410	3.86
AFST 210	3.32
AGCM 110	3.32
AGCM 430	3.46
AGED 260	3.5
AGED 280	3.77
AGED 340	3.81
AGED 380	3.6
AGED 380	3.87
AGED 421	3.54
AGED 480	3.81
AHS 125	3.97
AIS 101	3.43
AIS 101	3.84
AIS 101	2.97
AIS 101	2.79
AIS 285	3.8
ANSC 100	3.2
ANSC 110	3.75
ANSC 206	3.73
ANSC 207	3.36
ANSC 207	3.43
ANSC 207	2.8
ANSC 221	2.72
ANSC 222	2.61
ANSC 250	3.78
ANSC 298	3.89
ANSC 305	3.83
ANSC 307	3.06
ANSC 398	3.97
ANSC 398	3.8
ANSC 400	3.94
ANSC 401	3.61
ANSC 420	2.9
ANSC 431	3.23
ANSC 452	3.59
ANSC 467	3.5
ANSC 498	3.94
ANTH 101	2.99
ANTH 102	3.16
ANTH 103	3.3
ANTH 105	3.16
ANTH 106	3.32
ANTH 143	3.46
ANTH 143	3.49
ANTH 143	3.56
ANTH 143	3.43
ANTH 143	3.29
ANTH 143	3.31
ANTH 143	3.19
ANTH 143	3.31
ANTH 143	3.65
ANTH 143	3.57
ANTH 143	3.71
ANTH 143	3.4
ANTH 143	3.63
ANTH 143	3.27
ANTH 143	3.73
ANTH 143	3.61
ANTH 143	3.68
ANTH 143	3.56
ANTH 143	3.31
ANTH 143	3.72
ANTH 143	3.61
ANTH 180	3.2
ANTH 185	3.57
ANTH 230	3.53
ANTH 230	3.54
ANTH 246	3.32
ANTH 266	2.85
ANTH 268	3.19
ANTH 268	3
ANTH 268	3.26
ANTH 441	3.76
ARCH 101	3.63
ARCH 231	2.96
ARCH 271	2.98
ARCH 341	2.82
ARCH 342	2.96
ARCH 351	3.39
ARCH 403	2.95
ARCH 409	3.47
ARCH 413	3.38
ARCH 414	3.48
ARCH 451	3.38
ARCH 451	3.1
ARCH 468	3.42
ARCH 475	3.21
ARCH 502	3.55
ARCH 577	3.37
ARCH 595	3.57
ART 100	3.49
ART 102	3.84
ART 102	3.75
ART 102	3.84
ART 103	3.94
ART 105	3.74
ART 202	3.89
ARTD 201	3.44
ARTD 211	3.53
ARTD 211	3.29
ARTD 211	3.52
ARTD 211	3.69
ARTD 211	3.27
ARTD 225	3.3
ARTD 301	2.96
ARTD 328	3.41
ARTD 401	2.77
ARTD 426	3.65
ARTF 101	3.15
ARTF 101	2.86
ARTH 299	3.64
ASTR 100	3.4
ASTR 100	3.31
ASTR 100	2.9
ASTR 121	3.24
ASTR 122	2.85
ASTR 122	3.9
ASTR 150	3.35
ASTR 210	3.46
ASTR 350	3.11
ATMS 100	3.39
ATMS 120	3.89
ATMS 140	3.4
ATMS 201	3.87
ATMS 301	3.14
ATMS 302	2.98
ATMS 315	3.96
ATMS 322	3.4
ATMS 492	3.83
BADM 199	3.65
BADM 261	3.98
BADM 300	3.42
BADM 300	2.92
BADM 300	3.05
BADM 300	3.13
BADM 300	3.29
BADM 300	3.18
BADM 310	3.39
BADM 310	3.63
BADM 311	3.64
BADM 312	3.47
BADM 313	3.16
BADM 320	3.79
BADM 320	3.87
BADM 320	3.48
BADM 320	3.67
BADM 321	2.92
BADM 322	3.72
BADM 322	3
BADM 325	3.94
BADM 325	3.74
BADM 329	3.66
BADM 335	3.66
BADM 336	3.32
BADM 340	3.34
BADM 350	3.79
BADM 350	3.1
BADM 350	3.87
BADM 350	3.93
BADM 351	3.68
BADM 352	2.99
BADM 353	3.73
BADM 367	3.84
BADM 374	3.74
BADM 374	3.45
BADM 375	3.73
BADM 375	3.53
BADM 375	2.98
BADM 377	3.51
BADM 378	3.31
BADM 380	3.93
BADM 380	3.33
BADM 381	3.77
BADM 382	2.89
BADM 395	3.05
BADM 420	3.86
BADM 445	3.91
BADM 446	3.56
BADM 449	3.33
BADM 449	3.88
BADM 449	3.63
BADM 449	3.5
BADM 449	3.62
BADM 449	3.51
BADM 449	3.33
BADM 449	3.46
BADM 449	3.66
BADM 460	3.65
BADM 508	3.72
BADM 508	3.79
BADM 508	3.49
BADM 509	3.48
BADM 509	3.65
BADM 514	3.84
BADM 514	3.81
BADM 520	3.69
BADM 520	3.83
BADM 520	3.37
BADM 525	3.71
BADM 525	3.73
BADM 525	3.71
BADM 544	3.72
BADM 556	3.83
BADM 566	3.58
BADM 567	3.77
BADM 567	3.66
BADM 567	3.47
BADM 567	3.52
BADM 572	3.64
BADM 572	3.62
BADM 586	3.87
BADM 590	3.96
BADM 590	3.86
BADM 590	3.69
BADM 590	3.83
BADM 590	3.51
BADM 590	3.97
BADM 590	3.9
BADM 590	3.77
BADM 590	3.91
BADM 590	3.58
BADM 593	3.57
BADM 595	3.51
BCS 115	3.71
BIOE 120	3.86
BIOE 199	3.86
BIOE 201	3.91
BIOE 201	3.54
BIOE 202	3.22
BIOE 206	3.05
BIOE 301	3.74
BIOE 414	3.29
BIOE 415	3.94
BIOE 420	3.56
BIOE 476	3.51
BIOE 504	3.64
BIOE 505	3.43
BTW 250	3.57
BTW 250	3.92
BTW 250	3.49
BTW 250	3.45
BTW 250	3.55
BTW 250	3.95
BTW 250	3.16
BTW 250	3.32
BTW 250	3.62
BTW 250	3.09
BTW 250	3.39
BTW 250	3.68
BTW 250	3.77
BTW 250	3.41
BTW 250	3.96
BTW 250	3.94
BTW 250	3.9
BTW 250	3.74
BTW 250	3.49
BTW 261	3.36
BTW 261	3.96
BTW 261	3.92
BTW 261	3.85
BTW 271	3.57
BUS 101	3.87
BUS 101	3.83
BUS 101	3.68
BUS 101	3.74
BUS 101	3.87
BUS 101	3.48
BUS 101	3.79
BUS 101	3.83
BUS 101	3.72
BUS 101	3.67
BUS 101	3.73
BUS 101	3.77
BUS 101	3.94
BUS 101	3.72
BUS 101	3.73
BUS 101	3.81
BUS 101	3.86
BUS 101	3.91
BUS 101	3.83
BUS 101	3.93
BUS 199	3.85
BUS 199	3.77
BUS 199	3.74
BUS 199	3.82
CEE 195	3.82
CEE 201	3.13
CEE 202	2.88
CEE 300	3.27
CEE 310	2.84
CEE 320	3.57
CEE 330	3.54
CEE 350	3.31
CEE 360	3.01
CEE 380	2.62
CEE 398	3.52
CEE 406	3.1
CEE 408	3.14
CEE 409	3.72
CEE 416	3.01
CEE 421	3.62
CEE 434	3.51
CEE 437	3.44
CEE 442	3.64
CEE 443	3.29
CEE 446	3.43
CEE 450	3.59
CEE 457	3.22
CEE 460	3.71
CEE 461	3.07
CEE 463	3.45
CEE 465	3.15
CEE 470	3.3
CEE 471	3
CEE 472	3.57
CEE 483	3.18
CEE 498	3.95
CEE 498	3.54
CEE 509	3.51
CEE 525	3.76
CEE 537	3.57
CEE 560	3.49
CEE 586	3.41
CEE 598	3.73
CEE 598	3.75
CEE 598	3.62
CHBE 221	2.42
CHBE 321	3
CHBE 421	2.72
CHBE 424	3.03
CHBE 430	2.92
CHBE 431	3
CHBE 440	3.04
CHBE 457	3.01
CHBE 494	3.06
CHBE 521	3.46
CHEM 101	2.73
CHEM 101	2.68
CHEM 102	2.5
CHEM 102	2.39
CHEM 102	2.52
CHEM 102	2.54
CHEM 102	2.42
CHEM 102	2.06
CHEM 102	2.46
CHEM 102	2.42
CHEM 103	3.69
CHEM 103	3.75
CHEM 103	3.49
CHEM 103	3.66
CHEM 103	3.68
CHEM 103	3.75
CHEM 103	3.5
CHEM 103	3.64
CHEM 103	3.52
CHEM 103	3.83
CHEM 103	3.51
CHEM 103	3.73
CHEM 103	3.66
CHEM 103	3.75
CHEM 103	3.68
CHEM 103	3.56
CHEM 103	3.59
CHEM 103	3.83
CHEM 103	3.62
CHEM 103	3.62
CHEM 103	3.52
CHEM 103	3.67
CHEM 103	3.53
CHEM 103	3.66
CHEM 103	3.78
CHEM 103	3.67
CHEM 103	3.72
CHEM 103	3.8
CHEM 103	3.79
CHEM 103	3.64
CHEM 103	3.45
CHEM 103	3.32
CHEM 103	3.54
CHEM 103	3.71
CHEM 103	3.75
CHEM 103	3.65
CHEM 103	3.67
CHEM 103	3.77
CHEM 103	3.67
CHEM 103	3.7
CHEM 104	2.53
CHEM 104	2.55
CHEM 104	2.43
CHEM 105	3.72
CHEM 105	3.65
CHEM 105	3.82
CHEM 105	3.71
CHEM 105	3.75
CHEM 105	3.76
CHEM 105	3.76
CHEM 105	3.71
CHEM 105	3.82
CHEM 105	3.61
CHEM 105	3.53
CHEM 105	3.78
CHEM 105	3.71
CHEM 199	3.77
CHEM 199	3.92
CHEM 199	3.75
CHEM 202	2.55
CHEM 203	3.27
CHEM 203	3.34
CHEM 222	3.59
CHEM 223	3.09
CHEM 232	2.66
CHEM 232	2.27
CHEM 233	3.15
CHEM 233	3.06
CHEM 233	3.12
CHEM 236	2.83
CHEM 237	2.79
CHEM 237	2.76
CHEM 312	3.08
CHEM 315	2.86
CHEM 317	3.24
CHEM 332	2.38
CHEM 420	2.83
CHEM 440	2.94
CHEM 442	3.6
CHEM 442	3.33
CHEM 442	2.77
CHEM 512	3.6
CHEM 532	3.52
CHEM 534	3.33
CHEM 570	3.61
CHEM 584	3.62
CHLH 100	3.55
CHLH 100	3.47
CHLH 100	3.61
CHLH 100	3.54
CHLH 100	3.42
CHLH 101	3.77
CHLH 101	3.84
CHLH 101	3.66
CHLH 101	3.48
CHLH 125	3.79
CHLH 199	3.65
CHLH 200	3.43
CHLH 206	3.65
CHLH 206	3.23
CHLH 206	2.97
CHLH 210	3.74
CHLH 243	3.65
CHLH 243	3.56
CHLH 243	3.58
CHLH 244	2.9
CHLH 250	3.45
CHLH 260	3.66
CHLH 274	3.34
CHLH 304	3.59
CHLH 380	3.94
CHLH 404	3.83
CHLH 410	3.71
CHLH 415	3.64
CHLH 421	3.76
CHLH 455	3.61
CHLH 456	3.6
CHLH 457	3.75
CHLH 458	3.9
CHLH 474	3.53
CHLH 540	3.39
CHLH 573	3.17
CI 335	3.79
CI 335	3.95
CI 335	3.74
CI 401	3.45
CI 403	3.79
CI 405	3.7
CI 406	3.52
CI 406	3.5
CI 406	3.52
CI 415	3.92
CI 415	3.83
CI 430	3.92
CI 432	3.94
CI 432	3.93
CI 432	3.94
CI 433	3.95
CI 433	3.8
CI 446	3.94
CI 448	3.65
CI 448	3.71
CI 450	3.98
CI 450	3.71
CI 451	3.88
CI 451	3.75
CI 467	3.41
CI 467	3.83
CI 475	3.86
CI 475	3.84
CI 550	3.78
CLCV 100	2.71
CLCV 102	3.02
CLCV 111	2.94
CLCV 114	3.49
CLCV 115	3.2
CLCV 115	3.38
CLCV 115	3.17
CLCV 115	3.07
CLCV 115	3.23
CLCV 115	3.44
CLCV 115	3.26
CLCV 115	3.12
CLCV 115	3.8
CLCV 115	3.27
CLCV 115	3.37
CLCV 115	2.82
CLCV 115	2.99
CLCV 115	3.36
CLCV 115	3.15
CLCV 115	3.45
CLCV 115	3.41
CLCV 131	3.32
CLCV 160	2.91
CLCV 220	3.13
CLCV 221	3.51
CMN 102	3.17
CMN 113	3.03
CMN 113	3.21
CMN 211	3.67
CMN 211	3.06
CMN 211	3.59
CMN 212	3.5
CMN 212	3.34
CMN 212	3.03
CMN 212	3.25
CMN 220	3.16
CMN 230	3.24
CMN 232	3.72
CMN 260	3.04
CMN 260	2.92
CMN 260	3.47
CMN 277	2.63
CMN 280	3.45
CMN 310	3.15
CMN 321	2.55
CMN 323	3.46
CMN 326	2.63
CMN 336	3.29
CMN 336	3.52
CMN 336	3.44
CMN 336	3.07
CMN 340	3.48
CMN 340	3.57
CMN 340	3.37
CMN 362	3.17
CMN 368	3.43
CMN 375	2.81
CMN 396	3.23
CMN 396	2.71
CMN 396	2.92
CMN 396	3.46
CMN 412	3.08
CMN 421	3.05
CMN 423	3.63
CMN 429	3.06
CMN 435	3.67
CMN 435	3.23
CMN 462	3.43
CMN 463	3.35
CMN 465	3.57
CPSC 112	3.49
CPSC 113	3.32
CPSC 213	3.12
CPSC 226	2.96
CPSC 270	3.06
CPSC 419	3.96
CPSC 426	3.23
CPSC 437	3.77
CPSC 440	3.02
CPSC 452	3.76
CPSC 466	3.69
CPSC 498	3.95
CPSC 564	3.65
CS 100	3.7
CS 101	2.47
CS 101	2.8
CS 101	2.67
CS 101	2.69
CS 101	2.29
CS 101	2.83
CS 101	2.9
CS 101	2.52
CS 101	2.55
CS 101	2.94
CS 101	2.6
CS 101	2.63
CS 101	2.46
CS 101	2.87
CS 101	2.54
CS 101	2.19
CS 101	2.89
CS 101	2.56
CS 105	3.2
CS 105	3.34
CS 105	3
CS 105	3.17
CS 105	2.84
CS 105	3.44
CS 105	3.21
CS 105	2.98
CS 105	3.19
CS 105	2.77
CS 105	3.15
CS 105	3.14
CS 105	3.21
CS 105	3.27
CS 105	3.15
CS 105	3.32
CS 105	3.16
CS 105	3.23
CS 105	3.05
CS 105	3.34
CS 105	3.31
CS 105	3.4
CS 105	3.26
CS 125	3.57
CS 125	3.64
CS 173	3.27
CS 173	3.11
CS 173	2.81
CS 173	2.96
CS 173	2.97
CS 173	3.05
CS 173	2.92
CS 173	3.33
CS 173	2.79
CS 173	3.04
CS 173	3.25
CS 173	2.56
CS 173	2.66
CS 173	2.52
CS 173	2.6
CS 173	3.05
CS 196	3.87
CS 210	3.51
CS 225	2.72
CS 225	3.05
CS 233	2.82
CS 241	2.72
CS 242	3.25
CS 296	3.45
CS 296	3.3
CS 296	3.27
CS 357	3.04
CS 357	2.66
CS 411	3.23
CS 412	3.09
CS 418	3.44
CS 420	3.52
CS 421	3.17
CS 424	3.43
CS 425	3.37
CS 427	3.46
CS 431	3.17
CS 433	3.32
CS 438	3.59
CS 440	3.29
CS 447	3.41
CS 450	3.19
CS 461	3.56
CS 465	3.04
CS 467	3.71
CS 473	2.84
CS 492	3.78
CS 498	3.53
CS 498	2.53
CS 498	3.19
CS 498	3.65
CS 527	3.53
CS 556	3.56
CS 598	3.93
CS 598	3.64
CS 598	3.67
CS 598	3.68
CWL 207	3.87
DANC 100	3.73
DANC 100	3.72
DANC 100	3.95
DANC 100	3.87
DANC 101	3.62
DANC 105	3.44
DANC 105	3.86
DANC 107	3.68
DANC 240	3.94
DANC 260	3.33
DANC 266	3.75
EALC 130	3.4
EALC 285	3.51
ECE 110	3.26
ECE 110	3.37
ECE 110	3.08
ECE 110	3.33
ECE 198	3.14
ECE 198	2.76
ECE 205	2.98
ECE 206	3.44
ECE 206	3.91
ECE 206	3.68
ECE 206	3.86
ECE 210	2.51
ECE 210	2.63
ECE 210	2.8
ECE 210	2.72
ECE 304	2.76
ECE 310	3.06
ECE 310	3.05
ECE 311	3.85
ECE 313	2.46
ECE 313	2.89
ECE 313	2.73
ECE 313	2.64
ECE 313	3.07
ECE 316	3.6
ECE 316	3.72
ECE 329	2.82
ECE 329	2.99
ECE 329	2.91
ECE 329	2.67
ECE 329	2.67
ECE 330	2.76
ECE 330	2.52
ECE 333	3.07
ECE 340	2.56
ECE 340	2.74
ECE 340	2.65
ECE 340	2.71
ECE 340	2.44
ECE 342	3.01
ECE 342	2.54
ECE 343	3.86
ECE 343	3.85
ECE 350	3.25
ECE 385	3.24
ECE 391	2.87
ECE 398	3.33
ECE 402	3.41
ECE 408	3.18
ECE 411	2.81
ECE 425	2.81
ECE 444	3.47
ECE 444	3.18
ECE 445	3.38
ECE 451	3.84
ECE 452	3.62
ECE 453	3.2
ECE 455	3.38
ECE 459	3.07
ECE 462	3.45
ECE 464	2.98
ECE 469	3.61
ECE 470	2.66
ECE 473	3.19
ECE 476	3.22
ECE 480	3.38
ECE 482	2.95
ECE 485	3.56
ECE 486	3.5
ECE 515	3.79
ECE 520	3.75
ECE 526	3.7
ECE 534	3.65
ECE 535	3.52
ECE 541	3.64
ECE 544	3.81
ECE 569	3.88
ECE 581	3.68
ECE 598	3.91
ECON 102	3.48
ECON 102	3.6
ECON 102	3.7
ECON 102	3.67
ECON 102	3.49
ECON 102	3.45
ECON 102	3.35
ECON 102	3.68
ECON 102	3.52
ECON 102	3.28
ECON 102	3.62
ECON 102	3.47
ECON 102	3.42
ECON 102	3.34
ECON 102	3.54
ECON 102	3.59
ECON 102	3.13
ECON 102	3.73
ECON 102	3.43
ECON 102	3.65
ECON 102	3.37
ECON 102	3.47
ECON 102	3.65
ECON 102	3.71
ECON 102	3.64
ECON 102	3.7
ECON 102	3.72
ECON 102	3.48
ECON 102	3.78
ECON 102	3.71
ECON 102	3.61
ECON 102	3.49
ECON 102	3.65
ECON 102	3.65
ECON 102	3.66
ECON 102	3.82
ECON 102	3.72
ECON 102	3.83
ECON 102	3.73
ECON 102	3.73
ECON 102	3.62
ECON 102	3.66
ECON 102	3.6
ECON 102	3.75
ECON 102	3.72
ECON 102	3.44
ECON 102	3.56
ECON 102	3.59
ECON 102	3.62
ECON 103	2.71
ECON 103	2.85
ECON 103	2.94
ECON 103	2.79
ECON 103	2.93
ECON 103	3.33
ECON 103	3.39
ECON 103	3.09
ECON 103	3.04
ECON 103	3.18
ECON 103	3.02
ECON 103	3.15
ECON 103	3.26
ECON 202	3.27
ECON 202	2.92
ECON 202	3.52
ECON 202	3.12
ECON 202	3.06
ECON 202	3
ECON 202	3.07
ECON 202	2.39
ECON 202	2.32
ECON 202	2.69
ECON 202	2.62
ECON 202	2.56
ECON 202	2.94
ECON 202	2.67
ECON 202	3.01
ECON 202	2.96
ECON 202	2.83
ECON 202	3.1
ECON 202	2.87
ECON 202	2.83
ECON 202	2.86
ECON 202	2.91
ECON 202	2.97
ECON 202	2.57
ECON 203	2.73
ECON 203	2.37
ECON 203	2.51
ECON 203	2.63
ECON 203	2.6
ECON 203	2.84
ECON 203	2.48
ECON 203	2.37
ECON 203	2.4
ECON 203	2.61
ECON 203	2.62
ECON 203	2.87
ECON 302	2.52
ECON 302	2.69
ECON 302	2.81
ECON 302	2.31
ECON 302	2.6
ECON 302	3.05
ECON 302	2.63
ECON 302	2.81
ECON 302	2.68
ECON 302	2.71
ECON 302	2.61
ECON 302	2.75
ECON 302	2.5
ECON 302	2.87
ECON 302	2.91
ECON 302	2.72
ECON 302	2.77
ECON 302	2.41
ECON 302	2.62
ECON 302	2.95
ECON 302	2.4
ECON 302	2.59
ECON 302	2.31
ECON 302	2.91
ECON 302	2.2
ECON 302	2.54
ECON 303	2.95
ECON 303	2.84
ECON 303	3.22
ECON 303	2.81
ECON 303	3.11
ECON 411	2.83
ECON 411	3.52
ECON 414	3.45
ECON 420	3.17
ECON 450	3.19
ECON 462	3.19
ECON 469	3.56
ECON 471	3.57
ECON 480	3.46
ECON 481	3.5
ECON 482	3.3
ECON 490	3.63
ECON 490	3.3
ECON 490	3.53
ECON 490	2.99
ECON 490	2.92
ECON 490	3.56
ECON 490	3.42
ECON 500	3.51
ECON 500	3.33
ECON 503	3.29
ECON 506	3.44
ECON 506	3.21
ECON 506	3.42
ECON 508	3.63
ECON 509	3.65
ECON 512	3.33
ECON 520	3.58
ECON 564	3.73
ECON 565	3.28
EDUC 101	3.94
EDUC 101	3.85
EIL 422	3.52
ENG 191	3.73
ENG 198	3.86
ENG 198	3.91
ENG 198	3.79
ENG 198	3.94
ENG 198	3.82
ENG 198	3.49
ENG 198	3.77
ENG 198	3.95
ENG 198	3.82
ENG 199	3.88
ENG 199	3.72
ENG 199	3.74
ENG 333	3.52
ENG 360	3.88
ENG 460	3.87
ENG 466	3.37
ENG 471	3.82
ENG 560	3.51
ENGL 101	3.29
ENGL 101	3.24
ENGL 103	3.72
ENGL 104	3.23
ENGL 104	3.11
ENGL 104	3.21
ENGL 104	3.32
ENGL 104	3.36
ENGL 104	3.33
ENGL 109	3.53
ENGL 109	3.65
ENGL 109	3.73
ENGL 109	3.54
ENGL 109	3.22
ENGL 115	3.49
ENGL 116	3.55
ENGL 116	3.62
ENGL 119	3.43
ENGL 121	3.39
ENGL 199	3.41
ENGL 200	3.24
ENGL 200	3.51
ENGL 200	3.24
ENGL 200	3.57
ENGL 204	3.24
ENGL 218	3.09
ENGL 245	3.56
ENGL 245	3.3
ENGL 250	3.36
ENGL 259	3.71
ENGL 280	3.49
ENGL 300	3.29
ENGL 301	3.57
ENGL 301	3.26
ENGL 373	3.42
ENGL 380	3.18
ENGL 402	3.83
ENGL 418	3.78
ENGL 429	3.35
ENGL 451	3.6
EOL 440	3.73
EOL 570	3.73
EPS 201	3.79
EPS 201	3.74
EPS 533	3.86
EPS 538	3.81
EPSY 201	3.81
EPSY 202	3.46
EPSY 220	3.55
EPSY 220	3.41
EPSY 220	3.59
EPSY 220	3.44
EPSY 420	3.86
EPSY 456	3.56
EPSY 480	3.77
EPSY 485	3.87
EPSY 580	3.77
EPSY 587	3.77
ESE 200	3.18
ESE 200	2.74
ESE 360	3.33
FIN 221	3.31
FIN 221	3.35
FIN 221	3
FIN 221	3.4
FIN 221	2.6
FIN 221	3.35
FIN 221	3.48
FIN 221	3.27
FIN 221	3.34
FIN 221	2.87
FIN 221	3.27
FIN 230	3.16
FIN 241	3.62
FIN 241	3.45
FIN 300	2.67
FIN 300	2.65
FIN 300	1.82
FIN 300	2.28
FIN 300	2.58
FIN 300	1.83
FIN 300	2.8
FIN 300	2.18
FIN 300	1.72
FIN 300	2.21
FIN 321	3.57
FIN 321	3.32
FIN 321	3.34
FIN 321	3.01
FIN 412	2.29
FIN 418	3.65
FIN 423	3.88
FIN 423	3.6
FIN 424	3.25
FIN 435	3.35
FIN 443	3.66
FIN 444	3.79
FIN 461	3.04
FIN 463	3.52
FIN 463	3.51
FIN 500	3.48
FIN 501	3.46
FIN 501	3.52
FIN 511	3.72
FIN 511	3.5
FIN 511	3.48
FIN 511	3.57
FIN 512	3.55
FIN 512	3.71
FIN 521	3.48
FIN 521	3.54
FIN 521	3.63
FIN 541	3.76
FIN 571	3.59
FIN 572	3.33
FIN 573	3.45
FIN 580	3.49
FIN 580	3.73
FIN 580	3.98
FR 101	3.02
FR 101	3.32
FR 101	3.33
FR 101	3.22
FR 102	3.39
FR 103	3.3
FR 103	3.55
FR 103	3.04
FR 103	2.55
FR 104	2.99
FSHN 101	3.25
FSHN 101	3.31
FSHN 120	3.57
FSHN 150	3.9
FSHN 220	3.37
FSHN 232	3.2
FSHN 302	3.77
FSHN 332	3.27
FSHN 345	3.88
FSHN 349	3.77
FSHN 414	3.41
FSHN 416	3.34
FSHN 420	3.16
FSHN 426	3.6
FSHN 428	3.87
FSHN 429	3.85
FSHN 450	3.96
FSHN 461	3.49
FSHN 466	3.78
FSHN 469	3.8
FSHN 471	3.77
FSHN 480	3.17
FSHN 595	3.91
FSHN 595	3.79
GE 101	3.29
GE 261	2.92
GE 310	3.4
GE 311	3.04
GE 312	3.51
GE 320	3.16
GE 361	3.45
GE 400	3.54
GE 410	3.17
GE 420	3.31
GE 424	3.1
GE 450	3.76
GE 495	3.89
GE 530	3.85
GEOG 101	3.22
GEOG 101	3.33
GEOG 101	3.58
GEOG 101	3.64
GEOG 104	3.25
GEOG 106	2.39
GEOG 110	3.09
GEOG 204	3.13
GEOG 205	3.01
GEOG 379	2.8
GEOG 465	3.77
GEOG 468	3.58
GEOL 110	3.67
GEOL 117	2.67
GEOL 118	2.92
GEOL 208	3.26
GEOL 411	2.82
GEOL 432	2.91
GEOL 470	3.52
GER 101	3.38
GER 101	3.17
GER 101	3.86
GER 102	2.68
GER 201	3.27
GER 251	3.74
GER 251	3.67
GLBL 100	3.74
GLBL 100	3.61
GLBL 100	3.41
GLBL 100	3.56
GLBL 240	3.63
GLBL 296	3.42
GLBL 296	3.74
GLBL 296	3.68
GS 101	3.32
GS 101	3.65
GS 101	3.78
GS 101	3.84
GS 101	3.55
GS 101	3.84
GS 101	3.87
GS 101	3.93
GS 101	3.95
GS 101	3.84
GS 101	3.74
GS 101	3.7
GS 101	3.43
GS 101	3.57
GS 101	3.32
GS 101	3.76
GS 101	3.95
GS 101	3.56
GS 101	3.89
GS 101	3.8
GS 101	3.44
GS 101	3.52
GS 101	3.6
GS 101	3.64
GS 101	3.72
GS 101	3.63
GS 101	3.17
GS 101	3.85
GS 101	3.8
GWS 100	2.83
GWS 100	2.95
GWS 100	3.53
GWS 201	2.97
GWS 255	3.56
GWS 345	3.77
GWS 370	3.35
GWS 378	3.67
HDFS 101	3.81
HDFS 105	3.73
HDFS 105	3.66
HDFS 120	3.65
HDFS 225	3.49
HDFS 261	3.18
HDFS 290	3.29
HDFS 301	3.13
HDFS 340	3.45
HDFS 401	3.47
HDFS 425	3.56
HIST 100	2.17
HIST 100	3.11
HIST 100	3.19
HIST 100	2.89
HIST 100	3.06
HIST 100	3.13
HIST 100	2.49
HIST 105	3.04
HIST 120	3.65
HIST 120	2.12
HIST 130	3.35
HIST 171	3.14
HIST 172	3.52
HIST 172	3.06
HIST 172	3.54
HIST 172	3.48
HIST 202	3.06
HIST 220	2.91
HIST 227	2.84
HIST 241	3.6
HIST 251	2.56
HIST 258	2.9
HIST 258	2.99
HIST 271	3.09
HIST 273	3.28
HIST 277	3.09
HIST 285	3.52
HIST 357	3.08
HIST 370	3.19
HIST 373	3.29
HIST 397	2.83
HIST 441	3.7
HORT 100	3.68
HORT 105	3.52
HORT 105	3.74
HORT 105	3.53
HORT 105	3.43
HORT 105	3.64
HORT 105	3.4
HORT 106	3.33
HORT 107	3.69
HORT 107	3.6
HORT 107	3.65
HORT 240	3.6
HORT 301	2.82
HORT 447	3.57
IB 100	3.22
IB 100	3.03
IB 105	3.64
IB 105	3.02
IB 106	3.41
IB 150	3.35
IB 150	3.11
IB 150	3.76
IB 150	3.24
IB 150	3.51
IB 199	3.9
IB 204	2.79
IB 360	3.5
IB 360	3.35
IB 360	3.19
IB 368	2.96
IB 401	3.19
IB 411	3.18
IB 453	3.64
IB 463	3.61
IB 472	3.83
IB 473	3.69
IE 300	2.84
IE 300	2.68
IE 300	1.66
IE 310	3.21
IE 340	3.04
IE 360	2.97
IE 400	3.06
IE 410	2.07
IE 411	3.38
IE 412	2.95
IE 430	3.64
IE 522	3.52
IE 523	3.56
IE 524	3.93
IHLT 101	3.17
IHLT 102	3.67
IHLT 474	3.67
INFO 102	3.09
INFO 202	2.84
JAPN 201	3.4
JOUR 200	3.25
JOUR 200	3.17
JOUR 205	2.86
JOUR 250	3.71
JOUR 311	3.7
JOUR 452	3.09
JOUR 460	3.49
KIN 100	3.96
KIN 100	3.42
KIN 100	3.49
KIN 100	3.91
KIN 100	3.81
KIN 101	3.12
KIN 101	3.22
KIN 102	3.95
KIN 104	3.47
KIN 104	3.98
KIN 104	3.84
KIN 104	3.92
KIN 104	3.87
KIN 104	3.71
KIN 104	3.09
KIN 104	3.55
KIN 104	3.57
KIN 104	3.5
KIN 104	3.94
KIN 107	3.77
KIN 109	3.64
KIN 109	3.39
KIN 109	3.85
KIN 120	3.24
KIN 122	3.28
KIN 122	3.46
KIN 122	3.73
KIN 125	3.9
KIN 130	3.28
KIN 130	3.64
KIN 140	3.23
KIN 142	3.91
KIN 150	3.26
KIN 247	2.89
KIN 247	3.05
KIN 249	3.29
KIN 257	3.24
KIN 262	3.12
KIN 268	3.87
KIN 340	3.33
KIN 352	3.29
KIN 355	3.34
KIN 369	3.49
KIN 387	3.7
KIN 401	3.48
KIN 447	3.32
KIN 448	3.82
KIN 451	3.67
LA 101	3.22
LA 280	3.29
LA 342	3.24
LA 346	3.35
LA 370	3.19
LA 501	3.72
LAS 101	3.7
LAS 101	2.93
LAS 101	3.55
LAS 101	3.41
LAS 101	3.75
LAS 101	3.49
LAS 101	3.71
LAS 101	3.65
LAS 101	3.74
LAS 101	3.28
LAS 101	3.13
LAS 101	3.74
LAS 101	3.75
LAS 101	3.84
LAS 101	3.55
LAS 101	3.65
LAS 101	3.71
LAS 101	3.51
LAS 101	3.74
LAS 101	3.55
LAS 101	3.59
LAS 101	2.99
LAS 101	3.65
LAS 101	3.7
LAS 101	3.65
LAS 101	3.91
LAS 101	3.67
LAS 101	3.27
LAS 101	3.64
LAS 101	3.7
LAS 101	3.52
LAS 101	3.67
LAS 101	3.79
LAS 101	3.78
LAS 101	3.52
LAS 101	3.59
LAS 101	3.9
LAS 101	3.51
LAS 101	3.87
LAS 101	3.39
LAS 101	3.7
LAS 101	3.43
LAS 101	3.68
LAS 101	3.71
LAS 101	3.87
LAS 101	3.74
LAS 101	3.75
LAS 101	3.68
LAS 101	3.87
LAS 101	3.91
LAS 101	3.73
LAS 101	3.95
LAS 101	3.88
LAS 101	3.4
LAS 101	3.57
LAS 101	3.81
LAS 101	3.37
LAS 101	3.68
LAS 101	3.35
LAS 199	3.85
LAST 170	3.69
LAST 170	3.19
LAST 170	3.71
LAST 170	3.86
LAST 170	3.51
LAST 170	3.86
LAW 301	3.57
LAW 601	3.28
LAW 601	3.14
LAW 601	3.28
LAW 602	3.21
LAW 602	3.22
LAW 603	3.2
LAW 605	3.39
LAW 607	3.29
LAW 607	3.29
LAW 607	3.21
LAW 609	3.2
LAW 609	3.28
LAW 609	3.22
LAW 609	3.22
LAW 609	3.19
LAW 609	3.27
LAW 612	3.39
LAW 615	3.44
LAW 618	3.21
LAW 624	3.29
LAW 633	3.4
LAW 633	3.4
LAW 644	3.01
LAW 647	3.41
LAW 653	3.33
LAW 653	3.38
LAW 667	3.48
LAW 668	3.33
LAW 673	3.45
LAW 679	3.37
LAW 680	3.28
LAW 682	3.33
LAW 694	3.48
LAW 792	3.48
LAW 792	3.38
LAW 792	3.38
LAW 793	3.29
LAW 793	3.67
LAW 793	3.68
LAW 798	3.95
LER 100	2.73
LER 100	2.69
LER 100	2.59
LER 100	2.31
LER 100	2.31
LER 100	2.63
LER 100	2.75
LER 100	2.21
LER 100	2.15
LER 100	2.26
LER 100	2.56
LER 100	1.99
LER 100	2.33
LER 110	2.3
LER 110	3.08
LER 110	3.08
LER 110	2.75
LER 110	2.75
LER 120	1.4
LER 120	2.35
LER 120	2.62
LER 120	2.74
LER 120	2.41
LER 523	3.63
LER 542	3.47
LER 545	3.22
LER 562	3.94
LER 565	3.64
LER 568	3.66
LER 570	3.92
LER 590	3.79
LER 590	3.52
LER 590	3.1
LER 591	3.67
LER 591	3.7
LER 593	3.74
LER 593	3.63
LER 595	3.52
LER 597	3.72
LER 598	3.8
LING 100	3.72
LING 100	3.5
LING 100	3.3
LING 100	3.46
LING 111	3.75
LING 210	3.45
LING 225	3.15
LING 250	3.34
LING 307	2.76
LING 401	2.84
LIS 403	3.94
LIS 458	3.71
LIS 490	3.92
LIS 501	3.68
LIS 501	3.96
LIS 504	3.94
LIS 506	3.9
LIS 562	3.67
LIS 580	3.75
LIS 581	3.94
LIS 582	3.8
LLS 100	3.38
LLS 100	3.39
LLS 240	3.22
LLS 242	3.1
LLS 296	1.57
MACS 100	3.39
MACS 101	3.85
MACS 101	3.27
MACS 101	3.32
MACS 101	3.58
MACS 101	3.46
MACS 101	3.25
MACS 261	2.76
MACS 264	2.99
MACS 317	3.5
MACS 320	3.56
MACS 321	3.29
MACS 326	3.65
MACS 351	3.14
MATH 12	3.57
MATH 12	2.19
MATH 103	3.22
MATH 103	3.37
MATH 115	2.41
MATH 115	2.5
MATH 124	3.21
MATH 124	2.87
MATH 124	3.17
MATH 124	3.35
MATH 124	3.32
MATH 125	3
MATH 125	2.95
MATH 125	2.7
MATH 181	2.65
MATH 199	3.63
MATH 210	2.78
MATH 213	2.33
MATH 213	2.43
MATH 220	2.56
MATH 220	2.43
MATH 220	2.25
MATH 220	2.88
MATH 221	2.05
MATH 221	2.39
MATH 221	3.01
MATH 221	2.99
MATH 221	2.63
MATH 225	3.29
MATH 225	2.61
MATH 225	2.96
MATH 231	2.8
MATH 231	2.56
MATH 231	2.67
MATH 231	2.95
MATH 231	2.86
MATH 241	2.59
MATH 241	2.74
MATH 241	2.84
MATH 241	2.71
MATH 241	3.35
MATH 241	2.68
MATH 241	2.71
MATH 241	3.48
MATH 241	3.08
MATH 241	2.2
MATH 241	3.21
MATH 241	2.96
MATH 285	3.04
MATH 285	3.15
MATH 285	3.31
MATH 285	3.12
MATH 285	2.81
MATH 285	2.93
MATH 285	3.18
MATH 285	2.89
MATH 285	2.82
MATH 285	3.16
MATH 286	2.76
MATH 286	3.4
MATH 286	3.33
MATH 286	3.4
MATH 299	2.95
MATH 299	2.86
MATH 347	3.13
MATH 347	2.9
MATH 347	2.6
MATH 347	2.53
MATH 348	3.18
MATH 402	3.14
MATH 402	3.19
MATH 410	2.85
MATH 412	3.37
MATH 413	2.88
MATH 413	2.92
MATH 415	3.29
MATH 415	3.34
MATH 415	3.04
MATH 415	3.09
MATH 416	2.29
MATH 417	2.56
MATH 423	3.31
MATH 441	3.46
MATH 441	2.54
MATH 441	2.51
MATH 441	2.31
MATH 442	2.64
MATH 444	3.31
MATH 444	2.9
MATH 446	2.71
MATH 446	3.11
MATH 447	2.86
MATH 447	3.2
MATH 453	3.07
MATH 453	3.85
MATH 461	3
MATH 461	2.55
MATH 461	2.93
MATH 461	2.53
MATH 461	2.59
MATH 471	2.79
MATH 471	2.76
MATH 476	3.2
MATH 476	2.82
MATH 479	3.05
MATH 484	3.39
MATH 500	3.59
MATH 540	3.64
MATH 564	3.73
MATH 568	3.61
MATH 595	3.8
MBA 501	3.48
MBA 501	3.48
MBA 501	3.53
MBA 501	3.55
MBA 501	3.5
MBA 501	3.33
MBA 501	3.43
MBA 501	3.43
MBA 502	3.69
MBA 502	3.75
MBA 502	3.05
MBA 502	3.32
MBA 502	3.56
MBA 502	3.56
MBA 502	3.5
MBA 502	3.49
MCB 100	2.82
MCB 101	3.35
MCB 150	2.57
MCB 150	2.46
MCB 150	3.01
MCB 150	3
MCB 150	2.81
MCB 150	2.96
MCB 150	3.33
MCB 150	2.65
MCB 150	2.63
MCB 150	2.7
MCB 150	2.59
MCB 170	3.86
MCB 199	3.86
MCB 199	3.94
MCB 244	2.79
MCB 245	2.72
MCB 245	1.89
MCB 245	2.44
MCB 245	2.13
MCB 245	1.93
MCB 245	1.59
MCB 245	2.46
MCB 245	2.69
MCB 245	2.65
MCB 245	2.72
MCB 245	1.91
MCB 245	2.76
MCB 245	2.61
MCB 245	1.97
MCB 245	2.36
MCB 245	2.15
MCB 245	2.24
MCB 245	2.61
MCB 245	2.47
MCB 245	2.43
MCB 250	2.68
MCB 250	3.35
MCB 250	2.41
MCB 250	2.9
MCB 250	3.02
MCB 250	2.68
MCB 251	3.84
MCB 251	3.71
MCB 251	3.62
MCB 251	3.61
MCB 251	3.91
MCB 251	3.91
MCB 251	3.83
MCB 251	3.81
MCB 251	3.58
MCB 251	3.58
MCB 252	2.7
MCB 252	3.05
MCB 252	2.81
MCB 252	2.65
MCB 253	3.36
MCB 253	3.41
MCB 253	3.68
MCB 253	3.63
MCB 253	3.52
MCB 300	2.94
MCB 301	3.39
MCB 301	3.18
MCB 301	3.21
MCB 301	2.97
MCB 301	3.2
MCB 301	3.22
MCB 301	3.09
MCB 314	2.9
MCB 354	3.06
MCB 354	3.2
MCB 400	3.26
MCB 401	3.27
MCB 413	3
MCB 426	3.05
MCB 428	3.53
MCB 428	3.36
MCB 436	3.75
MCB 450	2.6
MCB 461	3.75
MCB 501	3.49
MCB 502	3.39
MDIA 100	3.66
MDIA 100	3.16
MDIA 100	3.26
MDIA 199	3.56
MDIA 270	3.86
MDIA 390	3.79
ME 170	3.83
ME 199	3.99
ME 300	2.92
ME 300	3.13
ME 310	2.88
ME 310	3.32
ME 320	2.6
ME 330	3.7
ME 330	3.11
ME 340	3.35
ME 340	2.92
ME 350	3.16
ME 360	3.62
ME 360	3.15
ME 370	3.73
ME 370	3.31
ME 371	3.93
ME 371	3.88
ME 403	3.55
ME 404	3.18
ME 420	3.8
ME 430	3.42
ME 450	3.64
ME 451	3.62
ME 460	3.34
ME 461	3.92
ME 470	3.66
ME 471	3.36
ME 481	3.13
ME 487	3.55
ME 498	3.75
ME 510	3.89
MSE 101	3.56
MSE 182	3.46
MSE 201	3.61
MSE 280	2.82
MSE 307	3.07
MSE 401	2.8
MSE 403	2.87
MSE 406	2.95
MSE 421	2.76
MSE 440	3.26
MSE 443	3.36
MSE 452	3.79
MSE 453	3.12
MSE 456	3.05
MSE 457	3.47
MSE 461	3.62
MSE 462	3.46
MSE 470	3.45
MSE 480	3.12
MSE 489	3.62
MSE 498	3.74
MSE 500	3.57
MSE 565	3.81
MUS 103	3.44
MUS 107	3.35
MUS 107	3.29
MUS 110	3.35
MUS 130	3.38
MUS 133	3.28
MUS 133	3.51
MUS 201	3.55
MUS 240	3.58
MUS 241	3.84
MUS 241	3.92
MUS 242	3.04
MUS 250	3.94
MUS 250	3.9
MUS 250	3.98
MUS 262	3.95
MUS 271	3.95
MUS 313	2.82
MUS 346	3.62
MUS 408	3.65
MUS 450	3.96
MUS 499	3.86
MUS 501	3.33
MUSE 200	3.5
NPRE 100	3.34
NPRE 201	3.71
NPRE 201	3.58
NPRE 201	3.46
NPRE 201	3.55
NPRE 247	2.79
NPRE 402	3.45
NPRE 431	2.92
NPRE 432	3.43
NPRE 446	3.43
NPRE 448	2.32
NPRE 457	3.8
NRES 100	3.23
NRES 102	3.6
NRES 102	3.26
NRES 201	2.84
NRES 219	2.95
NRES 340	3.64
NRES 348	3.45
NRES 409	3.14
NRES 454	3.15
NRES 454	3.41
NRES 472	3.56
NRES 488	2.72
NUTR 510	3.82
PHIL 101	2.82
PHIL 101	2.73
PHIL 101	2.64
PHIL 101	2.73
PHIL 101	2.92
PHIL 101	2.45
PHIL 102	2.47
PHIL 102	2.78
PHIL 102	2.7
PHIL 102	3.25
PHIL 102	3.47
PHIL 102	3.18
PHIL 102	3.09
PHIL 103	3.05
PHIL 103	2.96
PHIL 107	3.2
PHIL 202	2.71
PHIL 203	3.41
PHIL 206	2.97
PHIL 436	3.2
PHIL 477	2.77
PHYS 100	3.26
PHYS 100	3.32
PHYS 101	2.76
PHYS 101	2.79
PHYS 102	2.98
PHYS 102	2.54
PHYS 140	2.86
PHYS 150	3.18
PHYS 211	3.12
PHYS 211	3.06
PHYS 211	2.92
PHYS 212	2.66
PHYS 212	2.56
PHYS 212	2.32
PHYS 212	2.67
PHYS 213	3
PHYS 213	2.91
PHYS 213	2.68
PHYS 214	2.82
PHYS 214	2.76
PHYS 214	2.54
PHYS 225	2.72
PHYS 325	3.01
PHYS 326	3.3
PHYS 401	3.45
PHYS 419	3.24
PHYS 427	3.35
PHYS 435	3.06
PHYS 436	3.35
PHYS 460	3.5
PHYS 475	3.46
PHYS 485	3.23
PHYS 486	3.05
PHYS 487	3.1
PHYS 508	3.11
PHYS 570	3.74
PHYS 580	3.14
PHYS 582	3.43
PHYS 596	3.88
PLPA 200	3.29
PLPA 407	2.72
PS 100	3.18
PS 101	2.94
PS 101	2.84
PS 199	2.96
PS 199	3.73
PS 201	3.19
PS 220	2.92
PS 225	2.8
PS 230	3.29
PS 240	3.35
PS 241	3.21
PS 270	3.2
PS 280	2.99
PS 280	3.12
PS 280	3
PS 283	3.52
PS 300	3.48
PS 300	3.27
PS 300	3.51
PS 300	3.44
PS 300	3.43
PS 301	2.69
PS 312	3.12
PS 323	3.02
PS 339	2.81
PS 348	3.39
PS 352	3.54
PS 353	3.41
PS 385	3.62
PS 390	3.11
PS 397	3.32
PSM 501	3.95
PSYC 100	2.57
PSYC 100	2.23
PSYC 100	2.77
PSYC 100	2.83
PSYC 100	2.42
PSYC 100	3.02
PSYC 100	2.87
PSYC 100	2.77
PSYC 100	2.67
PSYC 100	2.9
PSYC 100	2.9
PSYC 100	2.66
PSYC 100	2.61
PSYC 100	2.56
PSYC 100	2.83
PSYC 100	2.94
PSYC 100	3.14
PSYC 100	2.63
PSYC 100	2.75
PSYC 100	3.2
PSYC 100	2.78
PSYC 100	2.9
PSYC 100	2.74
PSYC 100	2.88
PSYC 100	3.01
PSYC 100	2.9
PSYC 100	3.06
PSYC 100	2.9
PSYC 100	2.82
PSYC 201	3.39
PSYC 201	3.27
PSYC 201	3.1
PSYC 201	3.27
PSYC 201	3.33
PSYC 201	3.15
PSYC 201	3.57
PSYC 201	3.54
PSYC 201	3.46
PSYC 201	3.25
PSYC 201	3.36
PSYC 201	2.85
PSYC 210	2.49
PSYC 216	3.11
PSYC 224	2.8
PSYC 230	3.39
PSYC 235	3.13
PSYC 238	2.98
PSYC 238	3.47
PSYC 238	3.25
PSYC 238	2.91
PSYC 238	2.88
PSYC 238	3.21
PSYC 238	3.18
PSYC 238	3.55
PSYC 238	3.63
PSYC 239	3.19
PSYC 245	3.41
PSYC 248	3.13
PSYC 250	3.38
PSYC 265	2.65
PSYC 312	3.04
PSYC 320	3.11
PSYC 333	2.91
PSYC 336	3.61
PSYC 350	3.09
PSYC 353	3.2
PSYC 363	3.53
PSYC 403	3.41
PSYC 406	3.8
PSYC 421	3.76
PSYC 465	3.22
PSYC 475	3.67
PSYC 496	3.89
PSYC 514	3.79
REHB 330	3.49
REHB 402	3.31
RHET 233	3.16
RHET 233	3.55
RHET 233	3.65
RHET 233	3.49
RHET 233	3.57
RLST 104	3.28
RLST 104	3.14
RLST 104	3.05
RLST 104	2.93
RLST 104	2.54
RLST 104	3.1
RLST 104	2.9
RLST 104	2.98
RLST 104	2.88
RLST 108	3.89
RLST 110	2.78
RLST 110	3.07
RLST 110	2.71
RLST 110	3.38
RLST 110	3.03
RLST 110	3.14
RLST 110	3.01
RLST 110	3.12
RLST 110	2.94
RLST 110	2.62
RLST 110	2.97
RLST 110	2.97
RLST 110	2.93
RLST 110	3
RLST 110	2.93
RLST 110	2.84
RLST 110	3.15
RLST 110	2.94
RLST 110	2.76
RLST 110	2.85
RLST 120	3.56
RLST 214	3.28
RLST 223	3.18
RLST 408	3.36
RST 100	3.23
RST 101	3.72
RST 110	3.32
RST 110	2.67
RST 130	3.28
RST 199	3.54
RST 199	3.44
RST 199	3.73
RST 200	3.42
RST 200	3.3
RST 217	3.35
RST 230	3.26
RST 242	3.7
RST 242	3.36
RST 255	3.14
RST 255	2.56
RST 300	3.67
RST 316	3.32
RST 320	3.07
RST 330	3.48
RST 340	3.65
RST 354	2.76
RST 370	3.39
RST 410	3.12
RST 420	2.97
RST 429	3.34
RST 480	3.4
RUSS 225	2.86
SAME 152	3.23
SCAN 240	3.35
SCAN 252	3.32
SHS 120	3.75
SHS 120	3.82
SHS 120	3.91
SHS 120	3.64
SHS 120	3.55
SHS 120	3.86
SHS 120	3.83
SHS 120	3.52
SHS 120	3.41
SHS 121	2.92
SHS 121	2.93
SHS 121	2.41
SHS 121	3.47
SHS 150	3.08
SHS 170	3.11
SHS 221	3.36
SHS 221	2.68
SHS 270	3.85
SHS 271	3.54
SHS 300	3.13
SHS 320	3.72
SHS 321	3.32
SHS 321	2.65
SHS 375	3.94
SHS 375	3.9
SHS 430	3.26
SHS 431	3.66
SHS 450	3.35
SHS 451	3.04
SHS 470	3.58
SHS 470	3.19
SHS 533	3.91
SHS 534	3.7
SHS 570	2.85
SHS 577	3.88
SOC 100	3.12
SOC 100	3.23
SOC 100	3.52
SOC 100	3.25
SOC 100	3.4
SOC 100	3.19
SOC 100	3.29
SOC 100	3.16
SOC 100	3.42
SOC 100	3.07
SOC 100	3.18
SOC 100	3.41
SOC 100	3.21
SOC 100	2.96
SOC 100	3.82
SOC 160	3.49
SOC 160	3.57
SOC 196	3.14
SOC 196	3.2
SOC 200	3.55
SOC 226	2.86
SOC 270	2.85
SOC 274	3.57
SOC 275	3.43
SOC 280	2.67
SOC 310	2.96
SOC 350	3.67
SOC 364	3.07
SOC 373	3.13
SOC 380	3.59
SOC 447	3.33
SOC 481	3.54
SOCW 199	3.58
SOCW 200	3.03
SOCW 200	3.16
SOCW 225	2.95
SOCW 300	3.57
SOCW 300	3.6
SOCW 321	3.73
SOCW 340	3.46
SOCW 400	3.71
SOCW 401	3.33
SOCW 401	3.2
SOCW 403	3.73
SOCW 403	3.45
SOCW 410	3.92
SOCW 410	3.89
SOCW 416	3.82
SOCW 427	3.74
SOCW 427	3.83
SOCW 427	3.87
SOCW 451	3.68
SOCW 451	3.71
SOCW 461	3.79
SOCW 500	3.68
SOCW 500	3.71
SOCW 500	3.81
SOCW 531	3.95
SOCW 541	3.78
SOCW 541	3.36
SOCW 542	3.76
SOCW 552	3.87
SOCW 552	3.92
SOCW 589	3.66
SOCW 589	3.76
SOCW 589	3.54
SPAN 303	3.65
SPAN 305	3.68
SPAN 309	3.48
SPAN 309	3.32
SPAN 318	3.83
SPED 117	3.68
SPED 117	3.55
SPED 205	3.81
SPED 205	3.85
SPED 322	3.26
SPED 405	3.99
SPED 405	3.93
SPED 440	3.9
SPED 444	3.96
STAT 100	3.43
STAT 100	3.42
STAT 100	3.73
STAT 100	3.32
STAT 100	3.49
STAT 100	3.44
STAT 200	3.73
STAT 200	3.46
STAT 200	3.59
STAT 200	3.02
STAT 212	3.35
STAT 212	3.34
STAT 400	3.03
STAT 400	2.91
STAT 400	2.96
STAT 409	3.02
STAT 410	2.93
STAT 410	2.92
STAT 420	3.33
STAT 420	3.38
STAT 425	3.65
STAT 425	3.26
STAT 429	3.36
STAT 430	3.64
STAT 430	3.45
STAT 440	3.53
STAT 440	3.5
STAT 448	3.83
STAT 448	3.45
STAT 510	3.07
STAT 542	3.77
STAT 553	3.29
STAT 571	3.58
TAM 195	3.36
TAM 210	2.83
TAM 210	2.78
TAM 211	2.73
TAM 211	2.57
TAM 212	2.66
TAM 251	2.76
TAM 335	2.56
TAM 435	3.58
TAM 451	3.68
TAM 470	3.39
TAM 541	3.89
TAM 551	3.43
TE 298	3.68
THEA 100	3.79
THEA 101	3.6
THEA 101	3.79
THEA 101	3.62
THEA 101	3.65
THEA 101	3.66
THEA 101	3.67
THEA 101	3.81
THEA 101	3.79
THEA 101	3.57
THEA 101	3.62
THEA 101	3.71
THEA 101	3.79
THEA 101	3.7
THEA 101	3.62
THEA 101	3.64
THEA 101	3.46
THEA 101	3.63
THEA 101	3.49
THEA 101	3.73
THEA 101	3.61
THEA 101	3.58
THEA 101	3.54
THEA 101	3.53
THEA 101	3.66
THEA 101	3.51
THEA 102	3.96
THEA 208	3.63
THEA 399	3.88
TSM 100	2.37
TSM 199	3.67
TSM 232	2.81
TSM 233	2.78
TSM 311	3.6
TSM 372	3.02
TSM 422	3.47
TSM 435	3.4
TSM 438	3.12
UP 101	3.41
UP 260	3.55
UP 312	3.45
UP 405	3.66
UP 418	3.74
UP 456	3.85
UP 501	3.59
UP 503	3.73
UP 504	3.75
UP 509	3.67
VM 602	2.6
VM 605	2.69
VM 609	3.01
VM 610	2.32
